,itemname,picturelink,,,,,,storeid,price,,
1,Francisco-OneCup-French-Compatible-Brewers,https://m.media-amazon.com/images/I/61glAdoWCEL._AC_UL320_.jpg,,,,,,1,23.99,,
2,Motts-Snacks-Assorted-Gluten-Pouches,https://m.media-amazon.com/images/I/91cXErY0V1L._AC_UL320_.jpg,,,,,,1,5.88,,
3,Ziploc-64262-Sandwich-Bags,https://m.media-amazon.com/images/I/61LC42Ac1xL._AC_UL320_.jpg,,,,,,1,8.69,,
4,Hint-Fruit-Infused-Variety-Bottles,https://m.media-amazon.com/images/I/518rFzgL1PL._AC_UL320_.jpg,,,,,,1,10.38,,
5,Nespresso-Vertuoline-Flavored-Assortment-Count,https://m.media-amazon.com/images/I/712QU4+kwmL._AC_UL320_.jpg,,,,,,1,33.00,,
6,WELCHS-Mixed-Fruit-Snacks-Ounce,https://m.media-amazon.com/images/I/91F9+-E5+FL._AC_UL320_.jpg,,,,,,1,6.98,,
7,Lavazza-Coffee-Medium-Espresso-2-2-Pound,https://m.media-amazon.com/images/I/61fpw9inWTL._AC_UL320_.jpg,,,,,,1,22.31,,
8,Nestle-Pure-Life-Purified-Plastic,https://m.media-amazon.com/images/I/51-Lk5az3NL._AC_UL320_.jpg,,,,,,1,2.23,,
9,Reynolds-Kitchens-Premium-Cooker-Liners,https://m.media-amazon.com/images/I/81LGyU2aZ3L._AC_UL320_.jpg,,,,,,1,2.60,,
10,Kraft-Original-Macaroni-Microwaveable-Packets,https://m.media-amazon.com/images/I/81Ga0HOHWyL._AC_UL320_.jpg,,,,,,1,5.98,,
11,Bellarise-Gold-Instant-Dry-Yeast,https://m.media-amazon.com/images/I/516iEFUQWjL._AC_UL320_.jpg,,,,,,1,18.00,,
12,Frito-Lay-Party-Variety-Pack-Count,https://m.media-amazon.com/images/I/81DF9tHWcbL._AC_UL320_.jpg,,,,,,1,13.98,,
13,Pure-Protein-Nutritious-Support-Variety,https://m.media-amazon.com/images/I/81Qlz4ZrPIL._AC_UL320_.jpg,,,,,,1,16.28,,
14,Lakanto-Monkfruit-Sugar-Substitute-Classic,https://m.media-amazon.com/images/I/81N1eDtc-2L._AC_UL320_.jpg,,,,,,1,22.99,,
15,Hefty-Party-Plastic-Assorted-Colors,https://m.media-amazon.com/images/I/81EBkctbRVL._AC_UL320_.jpg,,,,,,1,7.49,,
16,Maldon-Sea-Salt-Flakes-ounce,https://m.media-amazon.com/images/I/91K4YD+QcsL._AC_UL320_.jpg,,,,,,1,6.05,,
17,PBfit-All-Natural-Organic-Roasted-Ingredients,https://m.media-amazon.com/images/I/81nDm7xhv+L._AC_UL320_.jpg,,,,,,1,11.79,,
18,Dunkin-Donuts-Original-Medium-Brewers,https://m.media-amazon.com/images/I/818bWpAKmOL._AC_UL320_.jpg,,,,,,1,30.82,,
19,HighKey-Snacks-Keto-Mini-Cookies,https://m.media-amazon.com/images/I/71rKehsblOL._AC_UL320_.jpg,,,,,,1,13.97,,
20,Maruchan-Instant-Lunch-Chicken-Flavor,https://m.media-amazon.com/images/I/91uMP0uU4HL._AC_UL320_.jpg,,,,,,1,4.09,,
21,CARE-Certified-Parchment-Baking-Paper,https://m.media-amazon.com/images/I/71yHnXNU55L._AC_UL320_.jpg,,,,,,1,5.49,,
22,Watkins-Original-Gourmet-Vanilla-Packaging,https://m.media-amazon.com/images/I/61nJe77ECBL._AC_UL320_.jpg,,,,,,1,12.46,,
23,Garden-Life-Organic-Virgin-Coconut,https://m.media-amazon.com/images/I/61zAHfJ6RsL._AC_UL320_.jpg,,,,,,1,8.99,,
24,Perrier-Sparkling-Mineral-Water-Ounce,https://m.media-amazon.com/images/I/71jivbGypYL._AC_UL320_.jpg,,,,,,1,14.82,,
25,Peets-Coffee-Dickasons-Complex-Layered,https://m.media-amazon.com/images/I/518xcZZe+RL._AC_UL320_.jpg,,,,,,1,37.48,,
26,Colgate-Total-Whitening-Toothpaste-ounce,https://m.media-amazon.com/images/I/81hHfo7AVdL._AC_UL320_.jpg,,,,,,1,4.96,,
27,Fleischmanns-Active-Yeast-Ounce-Count,https://m.media-amazon.com/images/I/71C3f7bngiL._AC_UL320_.jpg,,,,,,1,19.70,,
28,Planters-Deluxe-Cashews-Lightly-Canister,https://m.media-amazon.com/images/I/81DFyNVRxML._AC_UL320_.jpg,,,,,,1,8.58,,
29,Arm-Hammer-Laundry-Detergent-Clean,https://m.media-amazon.com/images/I/51VnO3q9TsL._AC_UL320_.jpg,,,,,,1,9.98,,
30,Folgers-Instant-Coffee-Crystals-Classic,https://m.media-amazon.com/images/I/81+lL2oew3L._AC_UL320_.jpg,,,,,,1,4.94,,
31,Stretch-Island-Leather-Snacks-Variety,https://m.media-amazon.com/images/I/818KLrK03rL._AC_UL320_.jpg,,,,,,1,11.97,,
32,S-Pellegrino-Sparkling-Natural-Mineral-Water,https://m.media-amazon.com/images/I/617gDKxW-CL._AC_UL320_.jpg,,,,,,1,17.16,,
33,Pepperidge-Farm-Goldfish-Crackers-Classic,https://m.media-amazon.com/images/I/813zuV98PeL._AC_UL320_.jpg,,,,,,1,9.98,,
34,Skittles-Original-Candy-ounce-bag,https://m.media-amazon.com/images/I/71raDmX+NML._AC_UL320_.jpg,,,,,,1,2.27,,
35,Nabisco-Team-Favorites-Mix-Crackers,https://m.media-amazon.com/images/I/91INCYguLyL._AC_UL320_.jpg,,,,,,1,6.32,,
36,Orville-Redenbachers-Gourmet-Popcorn-Original,https://m.media-amazon.com/images/I/71EgKLbasEL._AC_UL320_.jpg,,,,,,1,11.49,,
37,LeSaffre-Saf-Instant-Yeast-Gold-Pound,https://m.media-amazon.com/images/I/81d4NO5OV7L._AC_UL320_.jpg,,,,,,1,12.30,,
38,Jade-Leaf-Matcha-Green-Powder,https://m.media-amazon.com/images/I/91r6T8rLtWL._AC_UL320_.jpg,,,,,,1,9.95,,
39,AirHeads-Chewy-Fruit-Variety-Packaging,https://m.media-amazon.com/images/I/91pPZ7Ch0+L._AC_UL320_.jpg,,,,,,1,7.98,,
40,Blue-Diamond-Almond-Gluten-Blanched,https://m.media-amazon.com/images/I/610Jq0Jw8SL._AC_UL320_.jpg,,,,,,1,14.78,,
41,Mountain-Keurig-Variety-Single-Serve-Sampler,https://m.media-amazon.com/images/I/710Z5S-WthL._AC_UL320_.jpg,,,,,,1,22.39,,
42,Milk-Bone-Original-Treats-Medium-10-Pound,https://m.media-amazon.com/images/I/81OFeS2gnSL._AC_UL320_.jpg,,,,,,1,11.64,,
43,Amazon-Brand-Solimo-Compatible-Brewers,https://m.media-amazon.com/images/I/51wLOLvmDWL._AC_UL320_.jpg,,,,,,1,29.99,,
44,Frito-Lay-Classic-Variety-Pack-Count,https://m.media-amazon.com/images/I/816flmsx1JL._AC_UL320_.jpg,,,,,,1,13.98,,
45,Pringles-Flavored-Variety-Original-Cheddar,https://m.media-amazon.com/images/I/81KIwd0sKeL._AC_UL320_.jpg,,,,,,1,6.69,,
46,Mountain-Coffee-Roasters-Breakfast-Single,https://m.media-amazon.com/images/I/71z4G7QTn0L._AC_UL320_.jpg,,,,,,1,30.23,,
47,Dunkin-Donuts-Original-Medium-Ground,https://m.media-amazon.com/images/I/61CFZ2wC5dL._AC_UL320_.jpg,,,,,,1,5.83,,
48,Sparkling-Raspberry-Antioxidants-Vitamins-Bottles,https://m.media-amazon.com/images/I/817BMPSpX8L._AC_UL320_.jpg,,,,,,1,9.98,,
49,Nutella-Chocolate-Hazelnut-Spread-26-5,https://m.media-amazon.com/images/I/71NSoXxLUHL._AC_UL320_.jpg,,,,,,1,6.39,,
50,Ring-Pop-Individually-Lollipop-Assorted,https://m.media-amazon.com/images/I/71K7cTHk2oL._AC_UL320_.jpg,,,,,,1,6.98,,
51,Power-Up-Non-GMO-Artificial-Ingredients,https://m.media-amazon.com/images/I/61Jgg7g+BsL._AC_UL320_.jpg,,,,,,2,4.98,,
52,Fleischmanns-Instant-Yeast-bags-PACK,https://m.media-amazon.com/images/I/51nbmgG+qRL._AC_UL320_.jpg,,,,,,2,19.99,,
53,KIND-Chocolate-Gluten-Sugar-1-4oz,https://m.media-amazon.com/images/I/817yL7Y1oOL._AC_UL320_.jpg,,,,,,2,14.22,,
54,Starbucks-Medium-Single-Coffee-Brewers,https://m.media-amazon.com/images/I/81r5GBXyJTL._AC_UL320_.jpg,,,,,,2,49.31,,
55,Wonderful-Pistachios-No-Shell-Roasted-Salted,https://m.media-amazon.com/images/I/91RTU5EOhlL._AC_UL320_.jpg,,,,,,2,16.98,,
56,King-Arthur-Flour-Measure-Gluten,https://m.media-amazon.com/images/I/713Zeb3QJoL._AC_UL320_.jpg,,,,,,2,10.49,,
57,Smartfood-Popcorn-Variety-Pack-count,https://m.media-amazon.com/images/I/816tOPujEpL._AC_UL320_.jpg,,,,,,2,13.98,,
58,Nestle-Pure-Life-Purified-Plastic,https://m.media-amazon.com/images/I/81iOfgorW9L._AC_UL320_.jpg,,,,,,2,3.29,,
59,TERRO-Liquid-Ant-Killer-T200,https://m.media-amazon.com/images/I/91+WuPMXUVL._AC_UL320_.jpg,,,,,,2,3.97,,
60,Trolli-Crawlers-Assorted-Flavors-Ounces,https://m.media-amazon.com/images/I/91Kad-jepLL._AC_UL320_.jpg,,,,,,2,4.99,,
61,Atkins-Endulge-Treat-Nutty-Brownie,https://m.media-amazon.com/images/I/81PtZlaqtKL._AC_UL320_.jpg,,,,,,2,5.85,,
62,Hefty-Slider-Jumbo-Food-Storage,https://m.media-amazon.com/images/I/41ld-gcgqNL._AC_UL320_.jpg,,,,,,2,3.99,,
63,Miracle-Gro-1001233-Purpose-Plant-Food,https://m.media-amazon.com/images/I/71z+4I5+wGL._AC_UL320_.jpg,,,,,,2,9.98,,
64,V8-Original-100-Vegetable-Juice,https://m.media-amazon.com/images/I/91-Ruk0AL5L._AC_UL320_.jpg,,,,,,2,10.96,,
65,Lallemand-Instaferm-Instant-Yeast-Leavening,https://m.media-amazon.com/images/I/91FOwtMh97L._AC_UL320_.jpg,,,,,,2,14.74,,
66,CLIF-BAR-Energy-Variety-Protein,https://m.media-amazon.com/images/I/91VWoCJlmiL._AC_UL320_.jpg,,,,,,2,18.99,,
67,Oreo-Double-Chocolate-Sandwich-Cookies,https://m.media-amazon.com/images/I/81WJzF+Sy2L._AC_UL320_.jpg,,,,,,2,2.83,,
68,Pepperidge-Farm-Milano-Cookies-Chocolate,https://m.media-amazon.com/images/I/71yXYlVM0cL._AC_UL320_.jpg,,,,,,2,5.13,,
69,Spice-Lab-Pink-Himalayan-Salt,https://m.media-amazon.com/images/I/81jlnBp3ZnL._AC_UL320_.jpg,,,,,,2,7.99,,
70,Velveeta-Shells-Cheese-Original-Microwave,https://m.media-amazon.com/images/I/91jlQ-C9BHL._AC_UL320_.jpg,,,,,,2,6.48,,
71,Cheerios-Gluten-Breakfast-Cereal-Giant,https://m.media-amazon.com/images/I/812zwVCc9EL._AC_UL320_.jpg,,,,,,2,4.04,,
72,Green-Mountain-Coffee-Roasters-Single-Serve,https://m.media-amazon.com/images/I/71CuV0+e4nL._AC_UL320_.jpg,,,,,,2,30.23,,
73,Black-Forest-Gummy-Bears-1-5-Ounce,https://m.media-amazon.com/images/I/816vH5qUCBL._AC_UL320_.jpg,,,,,,2,10.34,,
74,Vital-Gluten-Anthonys-Pounds-Protein,https://m.media-amazon.com/images/I/81V2THjoqJL._AC_UL320_.jpg,,,,,,2,14.79,,
75,Capri-Sun-Pacific-Cooler-Juice,https://m.media-amazon.com/images/I/91Fu37ZFSFL._AC_UL320_.jpg,,,,,,2,6.48,,
76,Bloves-Smackalicious-Sauce-Seasoning-Spicy,https://m.media-amazon.com/images/I/71V8w-hgWxL._AC_UL320_.jpg,,,,,,2,6.48,,
77,Monster-Energy-Drink-Green-Original,https://m.media-amazon.com/images/I/812EcnH+txL._AC_UL320_.jpg,,,,,,2,26.99,,
78,Wonderful-Pistachios-Multipack-Roasted-Salted,https://m.media-amazon.com/images/I/81bTdLfwdzL._AC_UL320_.jpg,,,,,,2,6.94,,
79,Albanese-Candy-Flavor-Gummi-Assorted,https://m.media-amazon.com/images/I/815GzyF5RnL._AC_UL320_.jpg,,,,,,2,13.68,,
80,Gatorade-Thirst-Quencher-Flavor-Variety,https://m.media-amazon.com/images/I/81nDmVfaPkL._AC_UL320_.jpg,,,,,,2,12.99,,
81,WuFuYuan-Tapioca-Pearl-Black-Net,https://m.media-amazon.com/images/I/610v9u2ZRSL._AC_UL320_.jpg,,,,,,2,9.85,,
82,Black-Forest-Snacks-Bursts-0-8-Ounce,https://m.media-amazon.com/images/I/81+npommPCL._AC_UL320_.jpg,,,,,,2,5.96,,
83,Blue-Diamond-Almonds-Sodium-Lightly,https://m.media-amazon.com/images/I/71JEXI2pceL._AC_UL320_.jpg,,,,,,2,12.98,,
84,Frito-Lay-Classic-Variety-Pack-Count,https://m.media-amazon.com/images/I/81f+0JG1dSL._AC_UL320_.jpg,,,,,,2,6.98,,
85,Lucys-Family-Owned-Distilled-Vinegar,https://m.media-amazon.com/images/I/71iz6S+febL._AC_UL320_.jpg,,,,,,2,12.98,,
86,Milk-Bone-Flavor-Snacks-Biscuits-7-Pound,https://m.media-amazon.com/images/I/91Zw-7gV0YL._AC_UL320_.jpg,,,,,,2,12.98,,
87,Quest-Nutrition-Chocolate-Protein-Friendly,https://m.media-amazon.com/images/I/71Ata-FVsmL._AC_UL320_.jpg,,,,,,2,22.50,,
88,Seventh-Generation-Liquid-Clear-Packaging,https://m.media-amazon.com/images/I/71Z6PnPYQOL._AC_UL320_.jpg,,,,,,2,2.88,,
89,NongShim-Ramyun-Noodle-Gourmet-Spicy,https://m.media-amazon.com/images/I/81MYTNAsmQL._AC_UL320_.jpg,,,,,,2,2.88,,
90,Nespresso-VertuoLine-Coffee-Melozio-Count,https://m.media-amazon.com/images/I/71Oow9iowOL._AC_UL320_.jpg,,,,,,2,33.00,,
91,BetterBody-Foods-Avocado-Naturally-Refined,https://m.media-amazon.com/images/I/71p5C3J0ACL._AC_UL320_.jpg,,,,,,2,7.49,,
92,Natures-Eats-Blanched-Almond-Flour,https://m.media-amazon.com/images/I/81CykHAdc5L._AC_UL320_.jpg,,,,,,2,19.74,,
93,Jack-Links-Sticks-Original-packaging,https://m.media-amazon.com/images/I/91opoey7NTL._AC_UL320_.jpg,,,,,,2,12.99,,
94,Folgers-Classic-Roast-Coffee-Ounce,https://m.media-amazon.com/images/I/71ewtlyI6XL._AC_UL320_.jpg,,,,,,2,6.76,,
95,Ziploc-Storage-Quart-Bags-Count,https://m.media-amazon.com/images/I/71pZLe8qwbL._AC_UL320_.jpg,,,,,,2,7.66,,
96,dp,https://m.media-amazon.com/images/I/71r98oqPvML._AC_UL320_.jpg,,,,,,2,3.98,,
97,Gatorade-Classic-Quencher-Variety-Bottles,https://m.media-amazon.com/images/I/61nV64UWn-L._AC_UL320_.jpg,,,,,,2,12.59,,
98,Planters-Peanuts-Cocktail-Ounce-Pack,https://m.media-amazon.com/images/I/811ITplxRpL._AC_UL320_.jpg,,,,,,2,5.34,,
99,Royal-Dansk-Selection-Preservatives-Coloring,https://m.media-amazon.com/images/I/815sZpIzoIL._AC_UL320_.jpg,,,,,,2,2.78,,
100,Green-Mountain-Coffee-Roasters-Single-Serve,https://m.media-amazon.com/images/I/71qAbPqHEXL._AC_UL320_.jpg,,,,,,2,34.25,,
101,Assortment-European-Chocolate-Contains-Varieties,https://m.media-amazon.com/images/I/71hiLkjvjfL._AC_UL320_.jpg,,,,,,3,34.25,,
102,Nescafe-Tasters-Choice-Instant-Coffee,https://m.media-amazon.com/images/I/91rybJkbH2L._AC_UL320_.jpg,,,,,,3,34.25,,
103,Aveeno-Positively-Moisturizer-Spectrum-Sunscreen,https://m.media-amazon.com/images/I/81XNtLbGVwL._AC_UL320_.jpg,,,,,,3,12.98,,
104,Approved-Manitoba-Harvest-Organic-Shelled,https://m.media-amazon.com/images/I/71QKl2ie2PL._AC_UL320_.jpg,,,,,,3,12.98,,
105,Cheez-Cheese-Crackers-Original-Single,https://m.media-amazon.com/images/I/81wgVS3g6SL._AC_UL320_.jpg,,,,,,3,9.26,,
106,CraveBox-Package-Ultimate-Assortment-Students,https://m.media-amazon.com/images/I/A1Z6F+U8OdL._AC_UL320_.jpg,,,,,,3,25.45,,
107,Pyure-Organic-Hazelnut-Friendly-Leading,https://m.media-amazon.com/images/I/713fvEAR5cL._AC_UL320_.jpg,,,,,,3,7.99,,
108,GoodNFun-P-94187-Triple-Flavor-Kabob,https://m.media-amazon.com/images/I/91QW0mVpBGL._AC_UL320_.jpg,,,,,,3,15.77,,
109,mberry-Miracle-Fruit-Tablets-10-Count,https://m.media-amazon.com/images/I/51V4n19TaRL._AC_UL320_.jpg,,,,,,3,16.99,,
110,ChocZeros-Chocolate-Alcohols-Artificial-Sweeteners,https://m.media-amazon.com/images/I/71EwY8C7Y-L._AC_UL320_.jpg,,,,,,3,14.99,,
111,Splenda-No-Sweetener-Pack-1000-Count-Sugar-Substitute,https://m.media-amazon.com/images/I/716Ww-9Nl9L._AC_UL320_.jpg,,,,,,3,16.66,,
112,Extra-Peppermint-Sugarfree-Gum-Count,https://m.media-amazon.com/images/I/61qginnGD-L._AC_UL320_.jpg,,,,,,3,6.57,,
113,PBfit-All-Natural-Powdered-Roasted-Pressed,https://m.media-amazon.com/images/I/81zlAetZB-L._AC_UL320_.jpg,,,,,,3,12.48,,
114,Twinings-London-English-Breakfast-Black,https://m.media-amazon.com/images/I/519mpZhG+TL._AC_UL320_.jpg,,,,,,3,8.98,,
115,Fritos-Original-Corn-Chips-Ounce,https://m.media-amazon.com/images/I/91Xnq3ur84L._AC_UL320_.jpg,,,,,,3,3.28,,
116,Black-Forest-Gummy-Bears-Candy,https://m.media-amazon.com/images/I/61GOi21zA9L._AC_UL320_.jpg,,,,,,3,9.28,,
117,Keto-Pancake-Co-Pancakes-Serving,https://m.media-amazon.com/images/I/81Y1hHM8rZL._AC_UL320_.jpg,,,,,,3,9.99,,
118,Rainforest-Antioxidant-Blueberry-Clementine-Dragonfruit,https://m.media-amazon.com/images/I/81O-nmd1rSL._AC_UL320_.jpg,,,,,,3,14.39,,
119,Seventh-Generation-Liquid-Clear-Packaging,https://m.media-amazon.com/images/I/71OG+Az6Z+L._AC_UL320_.jpg,,,,,,3,17.28,,
120,Utz-Pork-Rinds-Original-Flavor,https://m.media-amazon.com/images/I/91RXXzknfeL._AC_UL320_.jpg,,,,,,3,14.98,,
121,Colavita-Extra-Virgin-Olive-Oil,https://m.media-amazon.com/images/I/81ro9veC3HL._AC_UL320_.jpg,,,,,,3,20.99,,
122,Victor-Allen-Variety-Compatible-Brewers,https://m.media-amazon.com/images/I/71V4stJAaSL._AC_UL320_.jpg,,,,,,3,15.38,,
123,TUMS-Chewable-Heartburn-Strength-Assorted,https://m.media-amazon.com/images/I/71A3v5RCCPL._AC_UL320_.jpg,,,,,,3,7.54,,
124,Snyders-Hanover-Pretzels-Variety-Calorie,https://m.media-amazon.com/images/I/81mk2Zf-gCL._AC_UL320_.jpg,,,,,,3,6.98,,
125,Caribou-Coffee-Blend-Single-Medium,https://m.media-amazon.com/images/I/7104ZUDPH4L._AC_UL320_.jpg,,,,,,3,30.23,,
126,Nutiva-Cold-Pressed-Unrefined-Sustainably-Coconuts,https://m.media-amazon.com/images/I/61EydyAPVIL._AC_UL320_.jpg,,,,,,3,17.99,,
127,Quaker-Instant-Oatmeal-Variety-Breakfast,https://m.media-amazon.com/images/I/91VmMWrOfZL._AC_UL320_.jpg,,,,,,3,8.88,,
128,Taylors-Harrogate-Classic-Variety-Count,https://m.media-amazon.com/images/I/81hOTLGRFZL._AC_UL320_.jpg,,,,,,3,11.49,,
129,Haribo-Gummi-Candy-Goldbears-Pound,https://m.media-amazon.com/images/I/51P-pDGMnGL._AC_UL320_.jpg,,,,,,3,14.37,,
130,Organic-Coconut-Anthonys-Verified-Gluten-Free,https://m.media-amazon.com/images/I/81efhids1PL._AC_UL320_.jpg,,,,,,3,10.89,,
131,Frito-Lay-Times-Variety-Pack-Count,https://m.media-amazon.com/images/I/911PTmXdXrL._AC_UL320_.jpg,,,,,,3,9.98,,
132,NOW-Grape-Seed-Oil-16-Ounce,https://m.media-amazon.com/images/I/61GQJxK46KL._AC_UL320_.jpg,,,,,,3,8.51,,
133,JOLLY-RANCHER-Holiday-Candy-Assortment,https://m.media-amazon.com/images/I/719NJe3v1HL._AC_UL320_.jpg,,,,,,3,10.48,,
134,FIJI-Natural-Artesian-Water-50-7,https://m.media-amazon.com/images/I/51d-FkUCHXL._AC_UL320_.jpg,,,,,,3,27.36,,
135,Peets-Coffee-Peetnik-Dickasons-Complex,https://m.media-amazon.com/images/I/71ep7N9UbJL._AC_UL320_.jpg,,,,,,3,11.44,,
136,Glad-ForceFlexPlus-Drawstring-Large-Trash,https://m.media-amazon.com/images/I/91YWYerSueL._AC_UL320_.jpg,,,,,,3,15.54,,
137,GoGo-Applesauce-Strawberry-Unsweetened-Recloseable,https://m.media-amazon.com/images/I/81EZwOZ++bL._AC_UL320_.jpg,,,,,,3,9.78,,
138,Wickedly-Prime-Peanut-Butter-Filled-Pretzels,https://m.media-amazon.com/images/I/71QbaO8qZIL._AC_UL320_.jpg,,,,,,3,11.13,,
139,Reynolds-Wrap-Heavy-Aluminum-Square,https://m.media-amazon.com/images/I/718bd4pJ3yL._AC_UL320_.jpg,,,,,,3,6.87,,
140,Bragg-Organic-Vinegar-Cleanser-Promotes,https://m.media-amazon.com/images/I/91pY6Ooo89L._AC_UL320_.jpg,,,,,,3,13.37,,
141,Crave-Coffee-Flavored-Variety-Compatible,https://m.media-amazon.com/images/I/A1MPpn-xnFL._AC_UL320_.jpg,,,,,,3,33.00,,
142,Raw-Wildflower-Honey-32-ounce,https://m.media-amazon.com/images/I/71VRS5wrQlL._AC_UL320_.jpg,,,,,,3,9.35,,
143,Watkins-Food-Coloring,https://m.media-amazon.com/images/I/71MXnQubo1L._AC_UL320_.jpg,,,,,,3,5.39,,
144,Royal-Dansk-Danish-Butter-Cookies,https://m.media-amazon.com/images/I/91LlJgNDbiL._AC_UL320_.jpg,,,,,,3,5.56,,
145,Silk-Unsweetened-Unflavored-Dairy-Alternative-Individually,https://m.media-amazon.com/images/I/91T-2IdcWDL._AC_UL320_.jpg,,,,,,3,10.55,,
146,RXBAR-Whole-Protein-Chocolate-Ounce,https://m.media-amazon.com/images/I/71-40oqf3aL._AC_UL320_.jpg,,,,,,3,18.89,,
147,Nespresso-VertuoLine-Coffee-Intenso-Count,https://m.media-amazon.com/images/I/71fJitV2y3L._AC_UL320_.jpg,,,,,,3,33.00,,
148,Maruchan-Ramen-Roast-Beef-Ounce,https://m.media-amazon.com/images/I/91HTxysjNWL._AC_UL320_.jpg,,,,,,3,16.74,,
149,Turmeric-Curcumin-Feel-Good-Organics,https://m.media-amazon.com/images/I/818-sysLu4L._AC_UL320_.jpg,,,,,,3,8.99,,
150,Frito-Lay-Baked-Popped-Variety-40Count,https://m.media-amazon.com/images/I/91PcQFiBdNL._AC_UL320_.jpg,,,,,,3,16.80,,
151,gimMe-Snacks-Organic-Roasted-go,https://m.media-amazon.com/images/I/71KRmQ3ezDL._AC_UL320_.jpg,,,,,,4,15.99,,
152,Bragg-Premium-Nutritional-Seasoning-Shaker,https://m.media-amazon.com/images/I/81JLmDdUwBL._AC_UL320_.jpg,,,,,,4,14.50,,
153,Lays-Potato-Chips-Variety-Count,https://m.media-amazon.com/images/I/91TKOKJe2zL._AC_UL320_.jpg,,,,,,4,16.79,,
154,Diamond-Crystal-Kosher-Salt-lbs,https://m.media-amazon.com/images/I/51c4NOK6vBL._AC_UL320_.jpg,,,,,,4,10.00,,
155,Red-Bull-Energy-Drink-Sugarfree,https://m.media-amazon.com/images/I/71R5E7UmIyL._AC_UL320_.jpg,,,,,,4,33.68,,
156,Organic-Matcha-Green-Tea-Powder,https://m.media-amazon.com/images/I/91ZnNTpmnqL._AC_UL320_.jpg,,,,,,4,14.99,,
157,Spectrum-Essentials-Organic-Ground-Flaxseed,https://m.media-amazon.com/images/I/91LrvblRf3L._AC_UL320_.jpg,,,,,,4,11.29,,
158,Hefty-Strong-Large-Trash-Gallon,https://m.media-amazon.com/images/I/919TRMqwh2L._AC_UL320_.jpg,,,,,,4,13.35,,
159,Keto-Co-Naturally-Sweetened-Diabetic,https://m.media-amazon.com/images/I/81C8uKsch-L._AC_UL320_.jpg,,,,,,4,9.99,,
160,Nespresso-VertuoLine-Double-Espresso-Scuro,https://m.media-amazon.com/images/I/714zdTRF5eL._AC_UL320_.jpg,,,,,,4,30.00,,
161,McCormick-Garlic-Powder-8-75-oz,https://m.media-amazon.com/images/I/81LHd4rmJ+L._AC_UL320_.jpg,,,,,,4,5.98,,
162,FISHER-Chefs-Naturals-Preservatives-Non-GMO,https://m.media-amazon.com/images/I/91sx8jQ62VL._AC_UL320_.jpg,,,,,,4,12.52,,
163,Kaytee-Peanuts-Shell-Birds-5-Pound,https://m.media-amazon.com/images/I/91T7PsQaAwL._AC_UL320_.jpg,,,,,,4,10.99,,
164,Wilton-Icing-Colors-12-Count-Gel-Based,https://m.media-amazon.com/images/I/81LfYzZUS5L._AC_UL320_.jpg,,,,,,4,15.59,,
165,Enjoy-Life-Semi-sweet-Chocolate-Packaging,https://m.media-amazon.com/images/I/51txI7dz1GL._AC_UL320_.jpg,,,,,,4,8.56,,
166,Natures-Bounty-Vitamin-Supplement-Supports,https://m.media-amazon.com/images/I/61nFfG55HSL._AC_UL320_.jpg,,,,,,4,10.01,,
167,Nabisco-Classic-Variety-Cookies-Crackers,https://m.media-amazon.com/images/I/91A95cnK73L._AC_UL320_.jpg,,,,,,4,6.98,,
168,SAF-Red-Instant-Yeast-Lesaffre,https://m.media-amazon.com/images/I/71QcM21FXCL._AC_UL320_.jpg,,,,,,4,16.00,,
169,Rodelle-Gourmet-Extract-Vanilla-Ounce,https://m.media-amazon.com/images/I/61j9POxMCbL._AC_UL320_.jpg,,,,,,4,15.98,,
170,Propel-Strawberry-Flavored-Electrolytes-Vitamins,https://m.media-amazon.com/images/I/815bumGfc1L._AC_UL320_.jpg,,,,,,4,6.38,,
171,Cutter-Citro-Candle-Bucket-17-Ounce,https://m.media-amazon.com/images/I/81LCh5+ICRL._AC_UL320_.jpg,,,,,,4,6.38,,
172,V8-Pomegranate-Blueberry-oz-Bottle,https://m.media-amazon.com/images/I/81hS9lIcYGL._AC_UL320_.jpg,,,,,,4,2.64,,
173,Orgain-Organic-Protein-Superfoods-Vanilla,https://m.media-amazon.com/images/I/61tCEostNjL._AC_UL320_.jpg,,,,,,4,24.32,,
174,Grandmas-Cookies-Variety-Pack-Count,https://m.media-amazon.com/images/I/91djyxyeOqL._AC_UL320_.jpg,,,,,,4,14.99,,
175,Stevia-Raw-Sweetener-Count-Packets,https://m.media-amazon.com/images/I/91bhqDKxE9L._AC_UL320_.jpg,,,,,,4,8.94,,
176,Quaker-Chewy-Granola-Chocolate-Count,https://m.media-amazon.com/images/I/916w8FTQwLL._AC_UL320_.jpg,,,,,,4,11.26,,
177,Zipfizz-Healthy-Hydration-Vitamins-Variety,https://m.media-amazon.com/images/I/91OsKoVvbIL._AC_UL320_.jpg,,,,,,4,27.98,,
178,SAVERS-Mints-Wint-Green-Candy,https://m.media-amazon.com/images/I/71itiiLETHL._AC_UL320_.jpg,,,,,,4,14.07,,
179,Pringles-Flavored-Variety-Original-Cheddar,https://m.media-amazon.com/images/I/81am62g9rkL._AC_UL320_.jpg,,,,,,4,8.98,,
180,HighKey-Protein-Snacks-Breakfast-Ketogenic,https://m.media-amazon.com/images/I/81rKlKt8CeL._AC_UL320_.jpg,,,,,,4,11.81,,
181,Trader-Joes-Everything-Sesame-Seasoning,https://m.media-amazon.com/images/I/71Bf2d-LzCL._AC_UL320_.jpg,,,,,,4,11.47,,
182,Manitoba-Harvest-Shelled-Protein-Serving,https://m.media-amazon.com/images/I/71MGSoyf8QL._AC_UL320_.jpg,,,,,,4,9.81,,
183,New-England-Coffee-Blueberry-Cobbler,https://m.media-amazon.com/images/I/61xoXqQXSSL._AC_UL320_.jpg,,,,,,4,4.94,,
184,SlimFast-Advanced-Nutrition-Creamy-Chocolate,https://m.media-amazon.com/images/I/91-7SZfPq-L._AC_UL320_.jpg,,,,,,4,15.98,,
185,Newmans-Own-Organics-Single-Serve-Special,https://m.media-amazon.com/images/I/71JsWsx2CML._AC_UL320_.jpg,,,,,,4,30.23,,
186,Pompeian-Organic-Extra-Virgin-Olive,https://m.media-amazon.com/images/I/81dAmWYbp9L._AC_UL320_.jpg,,,,,,4,6.97,,
187,Gatorade-Thirst-Quencher-Powder-Glacier,https://m.media-amazon.com/images/I/91leuN8qxiL._AC_UL320_.jpg,,,,,,4,9.98,,
188,Planters-Salted-Peanuts-48-Pack,https://m.media-amazon.com/images/I/91vSCKEkmeL._AC_UL320_.jpg,,,,,,4,7.48,,
189,Sparkling-Juice-Flavor-Variety-Count,https://m.media-amazon.com/images/I/81pxuGxuSrL._AC_UL320_.jpg,,,,,,4,14.48,,
190,Arm-Hammer-Pure-Baking-Soda,https://m.media-amazon.com/images/I/81qUyZl7G4L._AC_UL320_.jpg,,,,,,4,6.99,,
191,SKLZ-Basketball-Shatter-Resistant-Backboard,https://m.media-amazon.com/images/I/51vJe512YKL._AC_UL320_.jpg,,,,,,4,24.99,,
192,Classic-Syrup-Sampler-Jordans-Skinny,https://m.media-amazon.com/images/I/81-0aSSsHcL._AC_UL320_.jpg,,,,,,4,39.99,,
193,Hydration-Nutrient-Enhanced-Ultra-Purified-Electrolytes,https://m.media-amazon.com/images/I/81WDVrVD0aL._AC_UL320_.jpg,,,,,,4,15.00,,
194,Milliard-Citric-Acid-Pound-VERIFIED,https://m.media-amazon.com/images/I/81Kuk4-z1CL._AC_UL320_.jpg,,,,,,4,17.99,,
195,Coconut-Flavored-Molokai-Antioxidant-Infused,https://m.media-amazon.com/images/I/81yBXg3lcAL._AC_UL320_.jpg,,,,,,4,17.96,,
196,Succulent-Plants-Fully-Rooted-Planter,https://m.media-amazon.com/images/I/8147Eq37DCL._AC_UL320_.jpg,,,,,,4,17.95,,
197,Jack-Links-Snack-Packs-Original,https://m.media-amazon.com/images/I/91ms+g8zivL._AC_UL320_.jpg,,,,,,4,5.82,,
198,Quaker-Chewy-Granola-Variety-Count,https://m.media-amazon.com/images/I/91eHvFQq3sL._AC_UL320_.jpg,,,,,,4,3.99,,
199,V8-Energy-Juice-Pomegranate-Blueberry,https://m.media-amazon.com/images/I/91pEyeTcRcL._AC_UL320_.jpg,,,,,,4,14.96,,
200,Snappy-White-Popcorn-4-Pounds,https://m.media-amazon.com/images/I/81Ul8pIkhbL._AC_UL320_.jpg,,,,,,4,10.97,,
201,Jack-Links-Original-Teriyaki-Single-serve,https://m.media-amazon.com/images/I/81aIHnTWATL._AC_UL320_.jpg,,,,,,5,16.79,,
202,Glad-ForceFlexPlus-Kitchen-Drawstring-Trash,https://m.media-amazon.com/images/I/81iu-xkd1fL._AC_UL320_.jpg,,,,,,5,12.52,,
203,Nabisco-Savory-Cracker-Count-18-75,https://m.media-amazon.com/images/I/81dk6V0aUuL._AC_UL320_.jpg,,,,,,5,6.98,,
204,Peets-Coffee-Espresso-Compatible-Nespresso,https://m.media-amazon.com/images/I/71til6lqHvL._AC_UL320_.jpg,,,,,,5,27.65,,
205,Orville-Redenbachers-Theater-Microwave-24-Count,https://m.media-amazon.com/images/I/81-Iu7Nd37L._AC_UL320_.jpg,,,,,,5,9.96,,
206,Califia-Original-mezcla-almendra-barista,https://m.media-amazon.com/images/I/71i4rcLDsYL._AC_UL320_.jpg,,,,,,5,21.99,,
207,Viva-Naturals-FINEST-Organic-Seeds,https://m.media-amazon.com/images/I/71uh+55ACfL._AC_UL320_.jpg,,,,,,5,10.99,,
208,Brownie-Brittle-4-pack,https://m.media-amazon.com/images/I/81-28QlG9IL._AC_UL320_.jpg,,,,,,5,13.97,,
209,Jack-Links-Original-Protein-5-0-625oz,https://m.media-amazon.com/images/I/91bRs0ej1AL._AC_UL320_.jpg,,,,,,5,5.82,,
210,SlimFast-Original-Replacement-Vitamins-Chocolate,https://m.media-amazon.com/images/I/91WTm+Ax14L._AC_UL320_.jpg,,,,,,5,13.99,,
211,Rold-Gold-Twists-Pretzels-Ounce,https://m.media-amazon.com/images/I/91nF2S5udSL._AC_UL320_.jpg,,,,,,5,2.98,,
212,Starbucks-Sumatra-Single-Coffee-Brewers,https://m.media-amazon.com/images/I/81Unj0Z0BFL._AC_UL320_.jpg,,,,,,5,30.82,,
213,Terrasoul-Superfoods-Organic-Pumpkin-Seeds,https://m.media-amazon.com/images/I/51XAqBqjoTL._AC_UL320_.jpg,,,,,,5,13.75,,
214,Kadoya-Pure-Sesame-Fluid-Ounce,https://m.media-amazon.com/images/I/61Ldv0espyL._AC_UL320_.jpg,,,,,,5,9.85,,
215,Tropicana-Apple-Juice-oz-Count,https://m.media-amazon.com/images/I/81vD5OBOITL._AC_UL320_.jpg,,,,,,5,13.98,,
216,Newtons-Fruit-Chewy-Cookies-Snack,https://m.media-amazon.com/images/I/91fjYYRhQCL._AC_UL320_.jpg,,,,,,5,4.54,,
217,Larabar-Gluten-Peanut-Butter-Chocolate,https://m.media-amazon.com/images/I/81ozi8QaMUL._AC_UL320_.jpg,,,,,,5,14.21,,
218,Maxwell-House-Breakfast-Blend-Coffee,https://m.media-amazon.com/images/I/81tnFvIcasL._AC_UL320_.jpg,,,,,,5,29.38,,
219,Bustelo-Espresso-Style-Keurig-Brewers,https://m.media-amazon.com/images/I/81rutJBwscL._AC_UL320_.jpg,,,,,,5,31.48,,
220,Soeos-Whole-Peppercorns-Grinder-Refill,https://m.media-amazon.com/images/I/81FLCrAHZGL._AC_UL320_.jpg,,,,,,5,9.99,,
221,Alta-Artisan-Unbleached-Flour-Bread,https://m.media-amazon.com/images/I/81Mr17gmUQL._AC_UL320_.jpg,,,,,,5,19.96,,
222,Annies-Organic-Snacks-Variety-Pouches,https://m.media-amazon.com/images/I/71Wf666OQoL._AC_UL320_.jpg,,,,,,5,11.99,,
223,Nature-Valley-barras-granola-avena,https://m.media-amazon.com/images/I/91s8bt2Uk8L._AC_UL320_.jpg,,,,,,5,4.99,,
224,Daechun-Sushi-Sheets-Resealable-Product,https://m.media-amazon.com/images/I/51X92VHzF3L._AC_UL320_.jpg,,,,,,5,13.99,,
225,Evian-Natural-Spring-33-8-Ounce-6-Count,https://m.media-amazon.com/images/I/41YoBpA5HwL._AC_UL320_.jpg,,,,,,5,13.99,,
226,Bobs-Red-Mill-Gluten-Baking,https://m.media-amazon.com/images/I/81TpsFnt8FL._AC_UL320_.jpg,,,,,,5,13.99,,
227,Smartfood-Popcorn-White-Cheddar-0-625,https://m.media-amazon.com/images/I/81Gw9S1cwBL._AC_UL320_.jpg,,,,,,5,4.48,,
228,NOW-real-Food-Xanthan-6-Ounce,https://m.media-amazon.com/images/I/61tlHyYF6sL._AC_UL320_.jpg,,,,,,5,5.79,,
229,Sunchips-Multigrain-Chips-Variety-Count,https://m.media-amazon.com/images/I/716iBFH5RcL._AC_UL320_.jpg,,,,,,5,16.70,,
230,Grass-Fed-4th-Heart-Certified-Keto-Friendly,https://m.media-amazon.com/images/I/91HjBAuKXRL._AC_UL320_.jpg,,,,,,5,16.99,,
231,Melitta-Coffee-Filters-Natural-Brown,https://m.media-amazon.com/images/I/51rI4oD34JL._AC_UL320_.jpg,,,,,,5,13.78,,
232,Nespresso-VertuoLine-Coffee-Stormio-Count,https://m.media-amazon.com/images/I/71-PYnQsQ9L._AC_UL320_.jpg,,,,,,5,33.00,,
233,Kraft-Macaroni-Cheese-Dinner-Original,https://m.media-amazon.com/images/I/81qrHZpS5JL._AC_UL320_.jpg,,,,,,5,6.48,,
234,Carnation-Breakfast-Essentials-Chocolate-Packets,https://m.media-amazon.com/images/I/61Ll92YutPL._AC_UL320_.jpg,,,,,,5,8.48,,
235,Planters-Deluxe-Mixed-15-25-Canister,https://m.media-amazon.com/images/I/81Qqjkk+PwL._AC_UL320_.jpg,,,,,,5,8.54,,
236,Watkins-Natural-Extract-Almond-Packaging,https://m.media-amazon.com/images/I/718hD3RkasL._AC_UL320_.jpg,,,,,,5,2.76,,
237,Strawberry-Watermelon-Liquid-Concentrate-Bottle,https://m.media-amazon.com/images/I/71nV1-Dk8dL._AC_UL320_.jpg,,,,,,5,2.98,,
238,Seventh-Generation-Concentrated-Detergent-Unscented,https://m.media-amazon.com/images/I/81TjworAJkL._AC_UL320_.jpg,,,,,,5,25.98,,
239,Orange-Tangerine-Liquid-Enhancer-Caffeine,https://m.media-amazon.com/images/I/810OBn2VyuL._AC_UL320_.jpg,,,,,,5,2.98,,
240,Dots-Homestyle-Pretzels-Bag-Pack,https://m.media-amazon.com/images/I/61nDJmVBM5L._AC_UL320_.jpg,,,,,,5,16.99,,
241,KIND-Caramel-Almond-Gluten-Ounce,https://m.media-amazon.com/images/I/71vuKy0B8FL._AC_UL320_.jpg,,,,,,5,14.22,,
242,TRUFF-Gourmet-Peppers-Truffle-Experience,https://m.media-amazon.com/images/I/61d0laC38UL._AC_UL320_.jpg,,,,,,5,17.98,,
243,Natural-Coconut-Water-Drink-Gluten,https://m.media-amazon.com/images/I/81WkC-ZGsuL._AC_UL320_.jpg,,,,,,5,17.98,,
244,Slim-Jim-Smoked-Original-24-Count,https://m.media-amazon.com/images/I/81ILzJ-lpQL._AC_UL320_.jpg,,,,,,5,16.35,,
245,Glad-OdorShield-Kitchen-Drawstring-Trash,https://m.media-amazon.com/images/I/81Gr71xieQL._AC_UL320_.jpg,,,,,,5,12.84,,
246,Amazing-Grass-Green-Superfood-servings,https://m.media-amazon.com/images/I/81ZDWQorSsL._AC_UL320_.jpg,,,,,,5,36.99,,
247,SlimFast-Keto-Snacks-Grams-Count,https://m.media-amazon.com/images/I/81zVdCrBSfL._AC_UL320_.jpg,,,,,,5,9.98,,
248,SweetLeaf-Liquid-Stevia-Sweetener-Vanilla,https://m.media-amazon.com/images/I/61AUdWYGG4L._AC_UL320_.jpg,,,,,,5,7.04,,
249,Arm-Hammer-Baking-Soda-Lbs,https://m.media-amazon.com/images/I/81-Dsnj1dBL._AC_UL320_.jpg,,,,,,5,7.04,,
250,Pringles-Flavored-Variety-Original-Cheddar,https://m.media-amazon.com/images/I/81NW-COa-VL._AC_UL320_.jpg,,,,,,5,8.98,,
251,KIND-Peanut-Butter-Chocolate-Protein,https://m.media-amazon.com/images/I/81J-PpSNaWL._AC_UL320_.jpg,,,,,,6,14.22,,
252,AirHeads-Variety-Individually-Wrapped-Assorted,https://m.media-amazon.com/images/I/91-ZY+qvHPL._AC_UL320_.jpg,,,,,,6,2.28,,
253,Coffee-Variety-Sampler-Brewers-Selection,https://m.media-amazon.com/images/I/71wFD85lCFL._AC_UL320_.jpg,,,,,,6,25.90,,
254,Domino-Sugar-Granulated-4LB-Canister,https://m.media-amazon.com/images/I/81A4vdTCHeL._AC_UL320_.jpg,,,,,,6,10.79,,
255,Ito-En-Unsweetened-Antioxidants-Excellent,https://m.media-amazon.com/images/I/717gGZDEuEL._AC_UL320_.jpg,,,,,,6,12.99,,
256,Milkmakers-Lactation-Cookie-Oatmeal-Chocolate,https://m.media-amazon.com/images/I/81hS8dTWMeL._AC_UL320_.jpg,,,,,,6,21.75,,
257,Doritos-Nacho-Cheese-Flavored-Tortilla,https://m.media-amazon.com/images/I/71MQeIS7FAL._AC_UL320_.jpg,,,,,,6,11.18,,
258,Kernel-Seasons-Popcorn-Seasoning-Variety,https://m.media-amazon.com/images/I/71+dLtwvSrL._AC_UL320_.jpg,,,,,,6,11.34,,
259,Propel-Flavored-Electrolytes-Vitamins-Ounces,https://m.media-amazon.com/images/I/81ggbW1GwXL._AC_UL320_.jpg,,,,,,6,6.38,,
260,Pyure-Organic-All-Purpose-Stevia-Sweetener,https://m.media-amazon.com/images/I/71duQ4HKS8L._AC_UL320_.jpg,,,,,,6,6.98,,
261,Quaker-Chewy-Granola-Sugar-Variety,https://m.media-amazon.com/images/I/91u4-HRZBTL._AC_UL320_.jpg,,,,,,6,12.59,,
262,SmartSweets-SweetFish-Low-Calories-Artificial-Sweeteners,https://m.media-amazon.com/images/I/715DUsTqy6L._AC_UL320_.jpg,,,,,,6,30.00,,
263,Milliard-Citric-Acid-Pound-VERIFIED,https://m.media-amazon.com/images/I/81KTxrWfqdL._AC_UL320_.jpg,,,,,,6,9.99,,
264,Swerve-Sweetener-Brown-Bundle-pack,https://m.media-amazon.com/images/I/71Of2J7bBUL._AC_UL320_.jpg,,,,,,6,14.99,,
265,McCormick-Ground-Cinnamon-18-oz,https://m.media-amazon.com/images/I/811cmI-hR-L._AC_UL320_.jpg,,,,,,6,10.59,,
266,Death-Wish-Coffee-Strongest-Certified,https://m.media-amazon.com/images/I/41dhaBF7JCL._AC_UL320_.jpg,,,,,,6,19.96,,
267,Fleischmanns-Rapid-Instant-Yeast-Acting,https://m.media-amazon.com/images/I/817l2LsF-QL._AC_UL320_.jpg,,,,,,6,12.00,,
268,Ristretto-Package-Capsules-compatible-VERTUOLINE,https://m.media-amazon.com/images/I/81JaUHli5eL._AC_UL320_.jpg,,,,,,6,35.00,,
269,Chung-Jung-One-Gochujang-500g,https://m.media-amazon.com/images/I/71YEgoD+PJL._AC_UL320_.jpg,,,,,,6,8.87,,
270,Nespresso-Appregio-OriginalLine-Intensity-Full-Bodied,https://m.media-amazon.com/images/I/81LuwA7230L._AC_UL320_.jpg,,,,,,6,35.00,,
271,Nestle-Coffee-Mate-Coffee-Creamer-Chocolate,https://m.media-amazon.com/images/I/715iPkAgC2L._AC_UL320_.jpg,,,,,,6,3.42,,
272,Almond-Blanched-Anthonys-Tested-Gluten-Free,https://m.media-amazon.com/images/I/81xNSfqo8AL._AC_UL320_.jpg,,,,,,6,16.95,,
273,Japanese-assortment-dagashi-TONOSAMA-CANDY,https://m.media-amazon.com/images/I/51rNwRySTCL._AC_UL320_.jpg,,,,,,6,19.99,,
274,Extra-Spearmint-Sugarfree-Gum-Piece,https://m.media-amazon.com/images/I/61oQldbfcsL._AC_UL320_.jpg,,,,,,6,7.86,,
275,Wedderspoon-Premium-Unpasteurized-Multi-Functional-Superfood,https://m.media-amazon.com/images/I/81d11wajJoL._AC_UL320_.jpg,,,,,,6,33.99,,
276,Blue-Diamond-Almonds-Sodium-Lightly,https://m.media-amazon.com/images/I/81mJTu6sl+L._AC_UL320_.jpg,,,,,,6,9.73,,
277,Starbucks-Breakfast-Medium-Single-Brewers,https://m.media-amazon.com/images/I/81qU0u3KrsL._AC_UL320_.jpg,,,,,,6,21.99,,
278,CELSIUS-Sparkling-Orange-Fitness-Drink,https://m.media-amazon.com/images/I/71fn--obJ7L._AC_UL320_.jpg,,,,,,6,20.98,,
279,Arm-Hammer-Baking-Soda-16,https://m.media-amazon.com/images/I/81ORrQfTkVL._AC_UL320_.jpg,,,,,,6,0.82,,
280,Twinings-London-English-Breakfast-K-Cups,https://m.media-amazon.com/images/I/61VkmRPpaeL._AC_UL320_.jpg,,,,,,6,12.94,,
281,Starbucks-Doubleshot-Espresso-Cream-Fluid,https://m.media-amazon.com/images/I/81wYJocgRwL._AC_UL320_.jpg,,,,,,6,15.98,,
282,Oreo-Chocolate-Sandwich-Cookies-Family,https://m.media-amazon.com/images/I/81gwN4VQlkL._AC_UL320_.jpg,,,,,,6,3.52,,
283,Lakanto-Maple-Flavored-Sugar-Free-Syrup,https://m.media-amazon.com/images/I/61cjykHdnRL._AC_UL320_.jpg,,,,,,6,8.99,,
284,Sweet-Snacks-Variety-Cookies-Crackers,https://m.media-amazon.com/images/I/71+93fzkglL._AC_UL320_.jpg,,,,,,6,19.98,,
285,Gatorade-Thirst-Quencher-Lemon-Lime-Bottles,https://m.media-amazon.com/images/I/81AmYNi1WUL._AC_UL320_.jpg,,,,,,6,7.49,,
286,Planters-Mixed-Nuts-Regular-Ounce,https://m.media-amazon.com/images/I/81rfpfch5+L._AC_UL320_.jpg,,,,,,6,16.98,,
287,Cookies-Candies-Ultimate-Package-Variety,https://m.media-amazon.com/images/I/91yJbT64BnL._AC_UL320_.jpg,,,,,,6,29.99,,
288,ChocZeros-Alcohol-preservatives-Non-GMO-Breakfast,https://m.media-amazon.com/images/I/61YSaxIsppL._AC_UL320_.jpg,,,,,,6,9.75,,
289,NOW-Foods-BetterStevia-Liquid-8-Ounce,https://m.media-amazon.com/images/I/51u017D45RL._AC_UL320_.jpg,,,,,,6,16.83,,
290,PediaSure-Grow-Nutrition-Shake-Chocolate,https://m.media-amazon.com/images/I/61IgaWMJQeL._AC_UL320_.jpg,,,,,,6,34.97,,
291,Samyang-Ramen-Chicken-Roasted-Noodles,https://m.media-amazon.com/images/I/91V-plvctGL._AC_UL320_.jpg,,,,,,6,11.88,,
292,Apple-Eve-Sesame-Organics-Variety,https://m.media-amazon.com/images/I/71Ip8X5UuHL._AC_UL320_.jpg,,,,,,6,7.92,,
293,HighKey-Keto-Snacks-Breakfast-Ketogenic,https://m.media-amazon.com/images/I/81Kf5oFyFLL._AC_UL320_.jpg,,,,,,6,11.79,,
294,Granola-Bakery-Cinnamon-Diabetic-Friendly,https://m.media-amazon.com/images/I/81zXYBxsjBL._AC_UL320_.jpg,,,,,,6,9.99,,
295,Terrasoul-Superfoods-Organic-Medjool-Pounds,https://m.media-amazon.com/images/I/61jeViQCfWL._AC_UL320_.jpg,,,,,,6,14.95,,
296,Pepperidge-Farm-Goldfish-Cheddar-Crackers,https://m.media-amazon.com/images/I/81pwY4FGPNL._AC_UL320_.jpg,,,,,,6,3.74,,
297,Truvia-Spoonable-Natural-Stevia-Sweetener,https://m.media-amazon.com/images/I/610sJ+pVB8L._AC_UL320_.jpg,,,,,,6,5.00,,
298,Similac-Pro-Advance-Non-GMO-Formula-One-Month,https://m.media-amazon.com/images/I/71z5zJWD33L._AC_UL320_.jpg,,,,,,6,129.60,,
299,Nespresso-OriginalLine-LIMITED-Caramelito-Ciocattino,https://m.media-amazon.com/images/I/71Qpe9m+CBL._AC_UL320_.jpg,,,,,,6,22.50,,
300,Seventh-Generation-Clementine-Lemongrass-Packaging,https://m.media-amazon.com/images/I/71E1ekI0BhL._AC_UL320_.jpg,,,,,,6,17.28,,
301,Mentos-Chewy-Candy-Melting-Pieces,https://m.media-amazon.com/images/I/81n-fLc5BML._AC_UL320_.jpg,,,,,,7,3.22,,
302,Zevia-Calorie-Naturally-Sweetened-Favorites,https://m.media-amazon.com/images/I/81yDQA8JG9L._AC_UL320_.jpg,,,,,,7,24.99,,
303,Stone-Street-Coffee-Colombian-Coarsely,https://m.media-amazon.com/images/I/61+ZAEo7T9L._AC_UL320_.jpg,,,,,,7,24.99,,
304,Organic-Quinoa-Vegan-Non-GMO-Protein,https://m.media-amazon.com/images/I/91qHPVqPwML._AC_UL320_.jpg,,,,,,7,8.15,,
305,Bulk-Assorted-Fruit-Candy-Gold-Bears,https://m.media-amazon.com/images/I/91vGzngZXLL._AC_UL320_.jpg,,,,,,7,14.99,,
306,Ocean-Spray-Craisins-Cranberries-Reduced,https://m.media-amazon.com/images/I/61F55qBokbL._AC_UL320_.jpg,,,,,,7,5.88,,
307,Iberia-Jasmine-Naturally-Fragrant-Enriched,https://m.media-amazon.com/images/I/7159ad-9ZxL._AC_UL320_.jpg,,,,,,7,9.80,,
308,Happy-Organic-Cinnamon-Butternut-Packaging,https://m.media-amazon.com/images/I/61NYXTmyCxL._AC_UL320_.jpg,,,,,,7,22.65,,
309,YumEarth-Organic-Lollipops-Assorted-Flavors,https://m.media-amazon.com/images/I/81l-IhxdWiL._AC_UL320_.jpg,,,,,,7,7.43,,
310,Boost-Original-Complete-Nutritional-Chocolate,https://m.media-amazon.com/images/I/717TE-hXFHL._AC_UL320_.jpg,,,,,,7,20.52,,
311,Planters-Pecans-Roasted-Salted-Canister,https://m.media-amazon.com/images/I/81zpLHqoXYL._AC_UL320_.jpg,,,,,,7,5.98,,
312,Natures-Bakery-Whole-Non-GMO-Blueberry,https://m.media-amazon.com/images/I/51MpnnxCb2L._AC_UL320_.jpg,,,,,,7,5.35,,
313,Red-Bull-Energy-Drink-Pack,https://m.media-amazon.com/images/I/71+wqMdPQmL._AC_UL320_.jpg,,,,,,7,33.98,,
314,Pure-Leaf-Unsweetened-Brewed-Calories,https://m.media-amazon.com/images/I/71DGJ6Tk-WL._AC_UL320_.jpg,,,,,,7,15.00,,
315,Supreme-Surtido-colores-alimentos-amarillo,https://m.media-amazon.com/images/I/71OlgUF+yaL._AC_UL320_.jpg,,,,,,7,3.99,,
316,belVita-Bites-Variety-Snack-Packs,https://m.media-amazon.com/images/I/81HT3uwoV8L._AC_UL320_.jpg,,,,,,7,4.74,,
317,mberry-Miracle-Fruit-Tablets-10-Count,https://m.media-amazon.com/images/I/61QQLvELF7L._AC_UL320_.jpg,,,,,,7,27.99,,
318,DAVID-Roasted-Original-Sunflower-Seeds,https://m.media-amazon.com/images/I/71HESHWPSnL._AC_UL320_.jpg,,,,,,7,10.48,,
319,Melitta-63217C-Premium-Filters-Natural,https://m.media-amazon.com/images/I/71zw6lmfRzL._AC_UL320_.jpg,,,,,,7,20.52,,
320,Hoosier-Hill-Farm-Butter-powder,https://m.media-amazon.com/images/I/41hJjriSPVL._AC_UL320_.jpg,,,,,,7,12.64,,
321,Mucinex-Congestion-Expectorant-Guaifenesin-Extended,https://m.media-amazon.com/images/I/81dUXCDF6AL._AC_UL320_.jpg,,,,,,7,35.93,,
322,Gatorade-Thirst-Quencher-Grape-Bottles,https://m.media-amazon.com/images/I/81wBVpFWNkL._AC_UL320_.jpg,,,,,,7,9.97,,
323,Pure-Protein-Powder-Replacement-Vanilla,https://m.media-amazon.com/images/I/71TIkbZ6XKL._AC_UL320_.jpg,,,,,,7,15.46,,
324,McCormick-Natural-Vanilla-Extract-Gluten-Free,https://m.media-amazon.com/images/I/818z3AZSR3L._AC_UL320_.jpg,,,,,,7,29.52,,
325,Spice-Lab-Peppercorns-Tellicherry-Sterilized,https://m.media-amazon.com/images/I/81U6zxuXYIL._AC_UL320_.jpg,,,,,,7,9.95,,
326,Victor-Allens-Coffee-Single-Compatible,https://m.media-amazon.com/images/I/41NikX7-KXL._AC_UL320_.jpg,,,,,,7,27.99,,
327,Kelloggs-Fruity-Snacks-Gluten-Pouches,https://m.media-amazon.com/images/I/814Sug8N3cL._AC_UL320_.jpg,,,,,,7,5.88,,
328,Whisps-Cheese-Crisps-Crunchy-Assortment,https://m.media-amazon.com/images/I/713kfxFcVsL._AC_UL320_.jpg,,,,,,7,19.98,,
329,Pepperidge-Farm-Goldfish-Crackers-Cheddar,https://m.media-amazon.com/images/I/81Kpkk7fUPL._AC_UL320_.jpg,,,,,,7,6.22,,
330,Starbucks-Nespresso-Variety-Favorites-Count,https://m.media-amazon.com/images/I/81uaMEkmCsL._AC_UL320_.jpg,,,,,,7,36.00,,
331,Wilton-Dessert-Decorator-Decorating-Icing,https://m.media-amazon.com/images/I/712yUn7SifL._AC_UL320_.jpg,,,,,,7,15.59,,
332,Nespresso-VertuoLine-Coffee-Decaffeinato-Count,https://m.media-amazon.com/images/I/71xfR-2IHHL._AC_UL320_.jpg,,,,,,7,33.00,,
333,bubly-Sparkling-Water-Blackberry-Cans,https://m.media-amazon.com/images/I/71KpHo3XlWL._AC_UL320_.jpg,,,,,,7,7.61,,
334,Everything-Seasoning-Original-Delicious-Allspice,https://m.media-amazon.com/images/I/81rRy3mm7XL._AC_UL320_.jpg,,,,,,7,13.97,,
335,Bodyarmor-deportiva-vitaminas-electrolitos-conservantes,https://m.media-amazon.com/images/I/81S2DYs62DL._AC_UL320_.jpg,,,,,,7,13.44,,
336,Nespresso-VertuoLine-Coffee-Odacio-Count,https://m.media-amazon.com/images/I/71ppkLuGTqL._AC_UL320_.jpg,,,,,,7,33.00,,
337,McCafe-Premium-Roast-Ground-Coffee,https://m.media-amazon.com/images/I/81Hq83gLaEL._AC_UL320_.jpg,,,,,,7,7.15,,
338,Organic-Lavender-Flowers-Fragrance-Gluten-Free,https://m.media-amazon.com/images/I/61yGVP2jwJL._AC_UL320_.jpg,,,,,,7,9.99,,
339,Hefty-Strong-Multipurpose-Unscented-Drawstring,https://m.media-amazon.com/images/I/81qeqNDyCzL._AC_UL320_.jpg,,,,,,7,13.14,,
340,WISCONSIN-Turkey-Protein-Resealable-Package,https://m.media-amazon.com/images/I/51gizPtQxzL._AC_UL320_.jpg,,,,,,7,3.14,,
341,Prince-Peace-Ginger-Candy-Pack,https://m.media-amazon.com/images/I/61lNMHrlkjL._AC_UL320_.jpg,,,,,,7,5.00,,
342,KIND-Chocolate-Cherry-Cashew-Antioxidants,https://m.media-amazon.com/images/I/81CsMA3Cm7L._AC_UL320_.jpg,,,,,,7,14.22,,
343,Gerber-Graduates-Puffs-Banana-Strawberry,https://m.media-amazon.com/images/I/710ZPwS3KFL._AC_UL320_.jpg,,,,,,7,11.00,,
344,Perrier-Sparkling-Mineral-Water-8-45,https://m.media-amazon.com/images/I/61rHIdgnItL._AC_UL320_.jpg,,,,,,7,15.87,,
345,Kelloggs-Frosted-Mini-Wheats-Filled-Breakfast,https://m.media-amazon.com/images/I/91N7pNtG9qL._AC_UL320_.jpg,,,,,,7,2.99,,
346,Clif-Kid-ZBAR-Organic-Granola,https://m.media-amazon.com/images/I/81Fc5bwcYML._AC_UL320_.jpg,,,,,,7,10.49,,
347,Pepsi-Cola-Cans-Count-Packaging,https://m.media-amazon.com/images/I/8190FPFoBfL._AC_UL320_.jpg,,,,,,7,4.98,,
348,Happy-Baby-Organic-Superfood-Assortment,https://m.media-amazon.com/images/I/717744VEmkL._AC_UL320_.jpg,,,,,,7,19.25,,
349,Reign-Orange-Dreamsicle-Fitness-Performance,https://m.media-amazon.com/images/I/81pHWSyGtxL._AC_UL320_.jpg,,,,,,7,19.98,,
350,Pup-Peroni-Original-Flavor-Snacks-25-Ounce,https://m.media-amazon.com/images/I/71xyYP98vbL._AC_UL320_.jpg,,,,,,7,9.74,,
351,NOW-Foods-Organic-Non-Fat-12-Ounce,https://m.media-amazon.com/images/I/81gDGonzkKL._AC_UL320_.jpg,,,,,,8,8.99,,
352,Swerve-Sweetener-Bakers-Granular-Confectioners,https://m.media-amazon.com/images/I/51O2LM0oZlL._AC_UL320_.jpg,,,,,,8,20.99,,
353,Nishiki-Medium-Grain-Rice-Pound,https://m.media-amazon.com/images/I/91L+CDt9giL._AC_UL320_.jpg,,,,,,8,16.31,,
354,Blue-Diamond-Almonds-Vinegar-Ounce,https://m.media-amazon.com/images/I/71P+tDHT26L._AC_UL320_.jpg,,,,,,8,7.98,,
355,Torani-DaVinci-Syrup-25-4-oz-750ml,https://m.media-amazon.com/images/I/21ifLzuXHFL._AC_UL320_.jpg,,,,,,8,6.24,,
356,Ocean-Spray-Juice-Cran-Grape-Bottle,https://m.media-amazon.com/images/I/61GTCj9Y+LL._AC_UL320_.jpg,,,,,,8,3.72,,
357,Spindrift-Sparkling-Flavored-Squeezed-Calories,https://m.media-amazon.com/images/I/712+IUIxpkL._AC_UL320_.jpg,,,,,,8,17.97,,
358,COFFEE-MATE-Coffee-Creamer-Original-creamer,https://m.media-amazon.com/images/I/71R69E1hCrL._AC_UL320_.jpg,,,,,,8,14.97,,
359,Fruit-Punch-Liquid-Concentrate-Bottle,https://m.media-amazon.com/images/I/71xTC4+9QtL._AC_UL320_.jpg,,,,,,8,2.98,,
360,Hefty-Slider-Plastic-Storage-Quart,https://m.media-amazon.com/images/I/81WkyY5sZiL._AC_UL320_.jpg,,,,,,8,7.78,,
361,AmazonFresh-Colombia-Ground-Coffee-Medium,https://m.media-amazon.com/images/I/91wsHGov4TL._AC_UL320_.jpg,,,,,,8,15.49,,
362,Starbucks-Medium-Coffee-Ground-20-ounce,https://m.media-amazon.com/images/I/713jLTXLxJL._AC_UL320_.jpg,,,,,,8,11.41,,
363,BetterBody-Foods-Organic-Naturally-Refined,https://m.media-amazon.com/images/I/814TLSFA-rL._AC_UL320_.jpg,,,,,,8,10.94,,
364,Anthonys-Organic-Tapioca-Starch-2-5lbs,https://m.media-amazon.com/images/I/81rBiFghEYL._AC_UL320_.jpg,,,,,,8,11.99,,
365,Whisps-Cheese-Assortment-Parmesan-Cheddar,https://m.media-amazon.com/images/I/61DOqXHDOML._AC_UL320_.jpg,,,,,,8,14.90,,
366,Terrasoul-Superfoods-Organic-Cacao-Powder,https://m.media-amazon.com/images/I/616uAeAP6ML._AC_UL320_.jpg,,,,,,8,9.99,,
367,Gevalia-Colombian-Medium-Coffee-Keurig,https://m.media-amazon.com/images/I/81DT5-BSKIL._AC_UL320_.jpg,,,,,,8,34.98,,
368,Amazon-Brand-Granulated-Garlic-Ounces,https://m.media-amazon.com/images/I/713NcEYtwaL._AC_UL320_.jpg,,,,,,8,8.49,,
369,LIFEWTR-Purified-Balanced-Electrolytes-Packaging,https://m.media-amazon.com/images/I/91bRthGM9DL._AC_UL320_.jpg,,,,,,8,7.48,,
370,CLIF-BAR-Energy-Oatmeal-Protein,https://m.media-amazon.com/images/I/41d6xn-Y4lL._AC_UL320_.jpg,,,,,,8,7.48,,
371,Annies-Macaroni-Cheese-Shells-Cheddar,https://m.media-amazon.com/images/I/81zwfc+blsL._AC_UL320_.jpg,,,,,,8,12.00,,
372,Quest-Nutrition-Tortilla-Style-Protein,https://m.media-amazon.com/images/I/81VVooHqafL._AC_UL320_.jpg,,,,,,8,23.44,,
373,Cafe-Du-Monde-Coffee-Chicory,https://m.media-amazon.com/images/I/91H69jSxVuL._AC_UL320_.jpg,,,,,,8,7.44,,
374,Low-Karb-Blueberry-Granola-Breakfast,https://m.media-amazon.com/images/I/71klAlYF0YL._AC_UL320_.jpg,,,,,,8,12.99,,
375,Planters-Fancy-Cashews-Salted-Container,https://m.media-amazon.com/images/I/81V7TWk-rIL._AC_UL320_.jpg,,,,,,8,17.04,,
376,Spindrift-Sparkling-Variety-Squeezed-Seltzer,https://m.media-amazon.com/images/I/717tS+Uh93L._AC_UL320_.jpg,,,,,,8,21.99,,
377,Pop-Tarts-Breakfast-Toaster-Pastries-Variety,https://m.media-amazon.com/images/I/81afM5AvUXL._AC_UL320_.jpg,,,,,,8,7.99,,
378,Nestle-House-Chocolate-Morsels-Ounce,https://m.media-amazon.com/images/I/61JV9yjUEyL._AC_UL320_.jpg,,,,,,8,4.28,,
379,Sweet-Drops-SweetLeaf-Sweetener-SteviaClear,https://m.media-amazon.com/images/I/71B6mRDv3CL._AC_UL320_.jpg,,,,,,8,14.89,,
380,Garden-Life-Packaging-Certified-Probiotics,https://m.media-amazon.com/images/I/61B3hzh281L._AC_UL320_.jpg,,,,,,8,33.59,,
381,Xanthan-Ounce-Packed-Anthonys-Gluten-Free,https://m.media-amazon.com/images/I/81QHQBwmQOL._AC_UL320_.jpg,,,,,,8,10.79,,
382,Pork-King-Good-Breadcrumbs-Gluten-Free,https://m.media-amazon.com/images/I/814P2mNMlHL._AC_UL320_.jpg,,,,,,8,12.95,,
383,Agave-Raw-Sweetener-18-5-Ounce-Bottle,https://m.media-amazon.com/images/I/71fvskfjM+L._AC_UL320_.jpg,,,,,,8,4.48,,
384,Barleans-Fresh-Organic-Flax-16-oz,https://m.media-amazon.com/images/I/61weanwaLML._AC_UL320_.jpg,,,,,,8,17.42,,
385,Assorted-Succulent-Succulents-Terrariums-Cult,https://m.media-amazon.com/images/I/91wfFPUa53L._AC_UL320_.jpg,,,,,,8,13.88,,
386,SKINNYPOP-Individual-Artificial-Ingredients-Delicious,https://m.media-amazon.com/images/I/71QPJDx2UBL._AC_UL320_.jpg,,,,,,8,13.88,,
387,Weiman-Jewelry-Cleaner-Liquid-Brilliance,https://m.media-amazon.com/images/I/61mo6dWQY5L._AC_UL320_.jpg,,,,,,8,7.51,,
388,Crystal-Light-Caffeine-Strawberry-Pineapple,https://m.media-amazon.com/images/I/81Mz+0EjCsL._AC_UL320_.jpg,,,,,,8,2.98,,
389,30-Pure-Vinegar-Garden-Gallon,https://m.media-amazon.com/images/I/716JqPKpusL._AC_UL320_.jpg,,,,,,8,23.99,,
390,Organic-Anthonys-Verified-Gluten-Free-Non-GMO,https://m.media-amazon.com/images/I/81hEkJUcMYL._AC_UL320_.jpg,,,,,,8,14.95,,
391,COFFEE-MATE-Coffee-Creamer-Original-creamer,https://m.media-amazon.com/images/I/71K-LfD97GL._AC_UL320_.jpg,,,,,,8,17.96,,
392,Barney-Butter-Almond-Smooth-Ounce,https://m.media-amazon.com/images/I/81vlg69YAWL._AC_UL320_.jpg,,,,,,8,11.17,,
393,Navitas-Organics-Cacao-Powder-Pouch,https://m.media-amazon.com/images/I/71JPTAZWeLL._AC_UL320_.jpg,,,,,,8,9.78,,
394,evian-Individual-Naturally-Filtered-Individual-Sized,https://m.media-amazon.com/images/I/51poFUQjIuL._AC_UL320_.jpg,,,,,,8,23.92,,
395,Eight-Clock-Original-Coffee-Keurig,https://m.media-amazon.com/images/I/71HvWi53EzL._AC_UL320_.jpg,,,,,,8,30.35,,
396,Miss-Vickies-Kettle-Cooked-Variety,https://m.media-amazon.com/images/I/91onV0eLUXL._AC_UL320_.jpg,,,,,,8,12.49,,
397,Amazon-Brand-Happy-Belly-Almonds,https://m.media-amazon.com/images/I/81j987tYzRL._AC_UL320_.jpg,,,,,,8,15.99,,
398,Ultra-Heavy-Duty-Basketball-Replacement,https://m.media-amazon.com/images/I/51zqRCNVPnL._AC_UL320_.jpg,,,,,,8,11.99,,
399,SWEETENER-Erythritol-Sweetener-Alternative-Substitute,https://m.media-amazon.com/images/I/71OWGmw+xoL._AC_UL320_.jpg,,,,,,8,15.98,,
400,Erythritol-Granules-Anthonys-Non-GMO-Sweetener,https://m.media-amazon.com/images/I/81qoeiBBeLL._AC_UL320_.jpg,,,,,,8,12.95,,
401,Viva-Naturals-Organic-Virgin-Coconut,https://m.media-amazon.com/images/I/61Djr4g4JwL._AC_UL320_.jpg,,,,,,9,20.69,,
402,Anthonys-Premium-Nutritional-Flakes-Fortified,https://m.media-amazon.com/images/I/91odKjxzz1L._AC_UL320_.jpg,,,,,,9,12.99,,
403,SMART-SWEETS-FLAVORS-VARIETY-INCLUDING,https://m.media-amazon.com/images/I/612YyrStxXL._AC_UL320_.jpg,,,,,,9,32.23,,
404,Nature-Nates-Unfiltered-Brazilian-Wholesome,https://m.media-amazon.com/images/I/71MPec+d33L._AC_UL320_.jpg,,,,,,9,7.99,,
405,Nespresso-VertuoLine-Coffee-Vanizio-Count,https://m.media-amazon.com/images/I/71299lXdGZL._AC_UL320_.jpg,,,,,,9,33.00,,
406,Smartfood-White-Cheddar-Flavored-Popcorn,https://m.media-amazon.com/images/I/81LOYQEdW3L._AC_UL320_.jpg,,,,,,9,11.18,,
407,Amazon-Brand-Cappuccino-Assorted-Colombian,https://m.media-amazon.com/images/I/51h3D4dG2sL._AC_UL320_.jpg,,,,,,9,32.99,,
408,Safer-Brand-Houseplant-Sticky-Stakes,https://m.media-amazon.com/images/I/91QLTPQGarL._AC_UL320_.jpg,,,,,,9,4.98,,
409,Lemonade-Liquid-Enhancer-Caffeine-Bottle,https://m.media-amazon.com/images/I/71PHzdziwoL._AC_UL320_.jpg,,,,,,9,2.98,,
410,Hoosier-Hill-Farm-American-Powder,https://m.media-amazon.com/images/I/81IQuE4RaoL._AC_UL320_.jpg,,,,,,9,11.24,,
411,Brownie-Brittle-Chocolate-Unbelievably-Delicious,https://m.media-amazon.com/images/I/811R9CpJ91L._AC_UL320_.jpg,,,,,,9,15.99,,
412,10-Vanilla-Beans-Homemade-Tahitian,https://m.media-amazon.com/images/I/71i-teXhvJL._AC_UL320_.jpg,,,,,,9,18.99,,
413,Cutter-Skinsations-Insect-Repellent-6-Ounce,https://m.media-amazon.com/images/I/71n0hoXRmFL._AC_UL320_.jpg,,,,,,9,4.48,,
414,Pompeian-Robust-Extra-Virgin-Olive,https://m.media-amazon.com/images/I/81dtrhMln6L._AC_UL320_.jpg,,,,,,9,14.98,,
415,Sugar-Raw-Unrefined-Ounce-Box,https://m.media-amazon.com/images/I/91AlUM58d3L._AC_UL320_.jpg,,,,,,9,2.88,,
416,SaltWorks-Mediterra-Mediterranean-Coarse-Grain,https://m.media-amazon.com/images/I/81CXRRIu7vL._AC_UL320_.jpg,,,,,,9,9.43,,
417,Twinings-London-Peppermint-Herbal-Count,https://m.media-amazon.com/images/I/91JWtMMNGfL._AC_UL320_.jpg,,,,,,9,3.18,,
418,SWEETENER-Sweetener-Erythritol-Packets-Substitute,https://m.media-amazon.com/images/I/816j9-Vp6CL._AC_UL320_.jpg,,,,,,9,16.99,,
419,Soom-Foods-Ground-Sesame-Tahini,https://m.media-amazon.com/images/I/81VPbGza9HL._AC_UL320_.jpg,,,,,,9,16.50,,
420,Planters-Deluxe-Salted-Mixed-Nuts,https://m.media-amazon.com/images/I/819jQMHWZEL._AC_UL320_.jpg,,,,,,9,17.98,,
421,McCafe-Premium-Roast-Decaf-Coffee,https://m.media-amazon.com/images/I/81TBDgTcE8L._AC_UL320_.jpg,,,,,,9,35.99,,
422,Wonderful-Pistachios-Roasted-Salted-Ounce,https://m.media-amazon.com/images/I/71OUhnADZcL._AC_UL320_.jpg,,,,,,9,15.66,,
423,Stur-Enhancer-Flavored-Calories-Sweetened,https://m.media-amazon.com/images/I/41PXpLB7XDL._AC_UL320_.jpg,,,,,,9,19.95,,
424,Sherpa-Pink-Gourmet-Himalayan-Salt,https://m.media-amazon.com/images/I/81RMh214ecL._AC_UL320_.jpg,,,,,,9,8.49,,
425,SAF-Instant-Premium-Yeast-Single,https://m.media-amazon.com/images/I/91ZoaLPtgvL._AC_UL320_.jpg,,,,,,9,13.95,,
426,Soylent-Replacement-Shake-Bottles-Packaging,https://m.media-amazon.com/images/I/51CNp0XuO5L._AC_UL320_.jpg,,,,,,9,39.00,,
427,MS-Candies-Peanut-Chocolate-Ounce,https://m.media-amazon.com/images/I/71v47Zv0duL._AC_UL320_.jpg,,,,,,9,23.38,,
428,Equal-Original-Calorie-Sweetener-Packets,https://m.media-amazon.com/images/I/71suBowKM4L._AC_UL320_.jpg,,,,,,9,9.88,,
429,Folgers-Classic-Ground-Coffee-Medium,https://m.media-amazon.com/images/I/815hsbHmsXL._AC_UL320_.jpg,,,,,,9,15.00,,
430,Fleischmanns-RapidRise-Highly-Active-Yeast,https://m.media-amazon.com/images/I/61ZV56UOHHL._AC_UL320_.jpg,,,,,,9,10.00,,
431,White-Lily-All-Purpose-Flour,https://m.media-amazon.com/images/I/81+j-IkQAkL._AC_UL320_.jpg,,,,,,9,13.02,,
432,Foods-Alive-Nutritional-Vegetarian-Support,https://m.media-amazon.com/images/I/715gUXlhxYL._AC_UL320_.jpg,,,,,,9,8.03,,
433,Hefty-Disposable-Coffee-Cups-Lids,https://m.media-amazon.com/images/I/81B2m27AkKL._AC_UL320_.jpg,,,,,,9,7.49,,
434,McCormick-Table-Ground-Pepper-Seasoning,https://m.media-amazon.com/images/I/81oY3gQ-kkL._AC_UL320_.jpg,,,,,,9,9.82,,
435,Bicarbonate-Pure-Organic-Ingredients-Eco-Friendly,https://m.media-amazon.com/images/I/71VroAditSL._AC_UL320_.jpg,,,,,,9,14.98,,
436,Olay-Quench-Lotion-Moisture-Vitamins,https://m.media-amazon.com/images/I/510nHCmT6DL._AC_UL320_.jpg,,,,,,9,13.36,,
437,HERSHEYS-Holiday-Assortment-RANCHER-TWIZZLERS,https://m.media-amazon.com/images/I/91GsCcgaTaL._AC_UL320_.jpg,,,,,,9,8.40,,
438,Anthonys-Brewers-Yeast-1lbs-Gluten,https://m.media-amazon.com/images/I/811AJR8ysyL._AC_UL320_.jpg,,,,,,9,11.99,,
439,Natures-Eats-Blanched-Almond-Flour,https://m.media-amazon.com/images/I/81srvkhuOyL._AC_UL320_.jpg,,,,,,9,11.88,,
440,GoGo-Applesauce-Cinnamon-Portable-Gluten-Free,https://m.media-amazon.com/images/I/81whS1+4S+L._AC_UL320_.jpg,,,,,,9,5.98,,
441,Ritz-Peanut-Butter-Cracker-Sandwiches,https://m.media-amazon.com/images/I/81reaCLjEFL._AC_UL320_.jpg,,,,,,9,5.98,,
442,Lays-Potato-Chips-Classic-Party,https://m.media-amazon.com/images/I/81A9IZqezwL._AC_UL320_.jpg,,,,,,9,3.78,,
443,BODYARMOR-Bebida-Deportiva,https://m.media-amazon.com/images/I/71ZVPjY8EPL._AC_UL320_.jpg,,,,,,9,12.84,,
444,Krispy-Kreme-Smooth-Keurig-Single-Serve,https://m.media-amazon.com/images/I/715fMA33NrL._AC_UL320_.jpg,,,,,,9,14.99,,
445,Four-Sigmatic-Mushroom-Coffee-Concentration,https://m.media-amazon.com/images/I/81ocUdBe0HL._AC_UL320_.jpg,,,,,,9,12.99,,
446,Atkins-Endulge-Peanut-Caramel-Cluster,https://m.media-amazon.com/images/I/81hci0D3dQL._AC_UL320_.jpg,,,,,,9,5.47,,
447,nutpods-Vanilla-Dairy-Free-Creamer-Unsweetened,https://m.media-amazon.com/images/I/61QJ61Hep9L._AC_UL320_.jpg,,,,,,9,14.95,,
448,SPLENDA-Calorie-Sweetener-Packets-Count,https://m.media-amazon.com/images/I/91NGiNkawFL._AC_UL320_.jpg,,,,,,9,12.47,,
449,Atkins-Protein-Rich-Chocolate-Almond-Caramel,https://m.media-amazon.com/images/I/91pt5oJlaiL._AC_UL320_.jpg,,,,,,9,5.59,,
450,StarKist-Solid-White-Albacore-Water,https://m.media-amazon.com/images/I/81v8ZOE-dLL._AC_UL320_.jpg,,,,,,9,5.59,,
451,Enfamil-Poly-Vi-Sol-Multivitamin-Supplement-Toddlers,https://m.media-amazon.com/images/I/81qsaT51xAL._AC_UL320_.jpg,,,,,,10,8.68,,
452,Nestle-Hot-Chocolate-Cocoa-Packets,https://m.media-amazon.com/images/I/81l385VnMkL._AC_UL320_.jpg,,,,,,10,5.92,,
453,Swerve-Sweetener-Granular-Ounce-Pack,https://m.media-amazon.com/images/I/71esMAOlZSL._AC_UL320_.jpg,,,,,,10,14.99,,
454,Samyang-Spicy-Chicken-Flavor-Ramen,https://m.media-amazon.com/images/I/91v-8RK1EaL._AC_UL320_.jpg,,,,,,10,13.50,,
455,Rani-Garam-Masala-Indian-Spice,https://m.media-amazon.com/images/I/71irONT3khL._AC_UL320_.jpg,,,,,,10,8.99,,
456,Carbquik-Baking-Biscuit-Mix-48oz,https://m.media-amazon.com/images/I/91+YM6p4cDL._AC_UL320_.jpg,,,,,,10,14.99,,
457,Trident-Bubble-Gum-Sugar-Free,https://m.media-amazon.com/images/I/91GvSaW+mhL._AC_UL320_.jpg,,,,,,10,7.90,,
458,Butter-Justins-Ingredients-Gluten-free-Keto-friendly,https://m.media-amazon.com/images/I/61XGZgKnAiL._AC_UL320_.jpg,,,,,,10,9.29,,
459,Mikes-Hot-Honey-12-oz,https://m.media-amazon.com/images/I/71YLKu0fNYL._AC_UL320_.jpg,,,,,,10,8.48,,
460,SweetLeaf-Natural-Stevia-Sweetener-70,https://m.media-amazon.com/images/I/71QeubbW7uL._AC_UL320_.jpg,,,,,,10,5.63,,
461,Premium-Gold-Organic-Flaxseed-Texture,https://m.media-amazon.com/images/I/91hzoNe9j5L._AC_UL320_.jpg,,,,,,10,5.63,,
462,Madhava-Organic-Coconut-Sugar-Pound,https://m.media-amazon.com/images/I/61Dp74hrVgL._AC_UL320_.jpg,,,,,,10,10.98,,
463,Viva-Naturals-Selling-Certified-Superior,https://m.media-amazon.com/images/I/71txv6g0pzL._AC_UL320_.jpg,,,,,,10,10.99,,
464,Franks-Redhot-Buffalo-Ranch-Seasoning,https://m.media-amazon.com/images/I/81SuCMa3YdL._AC_UL320_.jpg,,,,,,10,3.98,,
465,Amish-Country-Popcorn-Fashioned-Non-GMO,https://m.media-amazon.com/images/I/71omx1ECRrL._AC_UL320_.jpg,,,,,,10,14.99,,
466,Natierra-Natures-Organic-Freeze-Dried-Strawberries,https://m.media-amazon.com/images/I/81409Lq2X9L._AC_UL320_.jpg,,,,,,10,5.87,,
467,Vita-Coco-Coconut-Water-Pure,https://m.media-amazon.com/images/I/81VwoCBWJvL._AC_UL320_.jpg,,,,,,10,13.98,,
468,BetterBody-Foods-Organic-Coconut-Unrefined,https://m.media-amazon.com/images/I/61OtymR0j-L._AC_UL320_.jpg,,,,,,10,4.43,,
469,Pepsi-Soda-Ounce-Mini-Cans,https://m.media-amazon.com/images/I/81-IgUyS2OL._AC_UL320_.jpg,,,,,,10,3.99,,
470,Galletas-europeas-Biscoff-sin-Lotus,https://m.media-amazon.com/images/I/61QcFZjQytL._AC_UL320_.jpg,,,,,,10,22.95,,
471,FISHER-Chefs-Naturals-Preservatives-Non-GMO,https://m.media-amazon.com/images/I/81aX28+GnrL._AC_UL320_.jpg,,,,,,10,13.64,,
472,Meyenberg-Goat-Milk-Powdered-12-Ounce,https://m.media-amazon.com/images/I/81-j96L8TBL._AC_UL320_.jpg,,,,,,10,9.97,,
473,Amazon-Brand-Colombian-Compatible-Brewers,https://m.media-amazon.com/images/I/51ZgigTbwuL._AC_UL320_.jpg,,,,,,10,29.99,,
474,Mountain-Coffee-Roasters-Breakfast-Single,https://m.media-amazon.com/images/I/61zvAC386fL._AC_UL320_.jpg,,,,,,10,33.73,,
475,Seventh-Generation-Toilet-Tissue-Recycled,https://m.media-amazon.com/images/I/9162sXekh8L._AC_UL320_.jpg,,,,,,10,33.73,,
476,Lipton-Black-Bags-Americas-Favorite,https://m.media-amazon.com/images/I/81TyMFmIYFL._AC_UL320_.jpg,,,,,,10,8.98,,
477,Amazon-Brand-Vegetable-Gallon-Ounces,https://m.media-amazon.com/images/I/61BK5x+-qtL._AC_UL320_.jpg,,,,,,10,8.99,,
478,Premier-Nutrition-Protein-Shake-Chocolate,https://m.media-amazon.com/images/I/61MgClK6WtL._AC_UL320_.jpg,,,,,,10,28.99,,
479,Similac-Pro-Advance-Non-GMO-Formula-Support,https://m.media-amazon.com/images/I/712QTtO77vL._AC_UL320_.jpg,,,,,,10,28.98,,
480,Luxardo-Gourmet-Maraschino-Cherries-400g,https://m.media-amazon.com/images/I/51wsMMHPCfL._AC_UL320_.jpg,,,,,,10,38.99,,
481,KIND-Healthy-Granola-Toasted-Coconut,https://m.media-amazon.com/images/I/81IfkkF5gVL._AC_UL320_.jpg,,,,,,10,2.66,,
482,vitaminwater-electrolyte-enhanced-vitamins-variety,https://m.media-amazon.com/images/I/81Hcxo8K6vL._AC_UL320_.jpg,,,,,,10,2.66,,
483,Ziploc-Freezer-Bags-Gallon-Pack,https://m.media-amazon.com/images/I/91xbuILGtiL._AC_UL320_.jpg,,,,,,10,14.97,,
484,Sanpellegrino-Blood-Orange-Sparkling-Beverage,https://m.media-amazon.com/images/I/81f+92K2ZfL._AC_UL320_.jpg,,,,,,10,19.96,,
485,Hawaiian-Shaved-Ice-Flavor-Syrups,https://m.media-amazon.com/images/I/71oS7nOPTEL._AC_UL320_.jpg,,,,,,10,29.99,,
486,Distinct-Superior-Organic-Probiotic-Reasealable,https://m.media-amazon.com/images/I/81G6vP0aJiL._AC_UL320_.jpg,,,,,,10,19.85,,
487,Ensure-Max-Protein-Nutrition-Chocolate,https://m.media-amazon.com/images/I/61lef-3pJvL._AC_UL320_.jpg,,,,,,10,26.16,,
488,Coffee-mate-Original-Canister-35-3-Ounce,https://m.media-amazon.com/images/I/81tA25d560L._AC_UL320_.jpg,,,,,,10,4.72,,
489,CLIF-BAR-Energy-Crunchy-Protein,https://m.media-amazon.com/images/I/81yQNbncgmL._AC_UL320_.jpg,,,,,,10,11.28,,
490,Atomic-Fireballs-Candy-4-05-Pound,https://m.media-amazon.com/images/I/91L1x3rRcqL._AC_UL320_.jpg,,,,,,10,9.44,,
491,Sugar-Free-Caramel-Pecan-Jordans,https://m.media-amazon.com/images/I/71+uYztmi5L._AC_UL320_.jpg,,,,,,10,7.97,,
492,Silk-Unsweetened-Flavored-Non-Dairy-Dairy-free,https://m.media-amazon.com/images/I/91R5q614ZrL._AC_UL320_.jpg,,,,,,10,7.97,,
493,Nabisco-Cracker-Variety-Crackers-Individual,https://m.media-amazon.com/images/I/81hsg7gysvL._AC_UL320_.jpg,,,,,,10,6.98,,
494,Boost-Calorie-Complete-Nutritional-Vanilla,https://m.media-amazon.com/images/I/61e8cFK5ktL._AC_UL320_.jpg,,,,,,10,46.18,,
495,Honey-Cheerios-Gluten-Free-Cereal,https://m.media-amazon.com/images/I/91gv3siNM-L._AC_UL320_.jpg,,,,,,10,5.58,,
496,052100106502-Piment%C3%B3n-rojo-de-McCormick,https://m.media-amazon.com/images/I/81564+fqNoL._AC_UL320_.jpg,,,,,,10,8.10,,
497,Gum-Spearmint-Sugarfree-Chewing-Resealable,https://m.media-amazon.com/images/I/71pDXDrs+hL._AC_UL320_.jpg,,,,,,10,6.68,,
498,Pompeian-Grapeseed-Oil-68-Ounce,https://m.media-amazon.com/images/I/81xEqF12bdL._AC_UL320_.jpg,,,,,,10,13.83,,
499,Chocolate-Caramel-Crunch-Grand-Basket,https://m.media-amazon.com/images/I/81-7WGe7ZYL._AC_UL320_.jpg,,,,,,10,37.00,,
500,Burts-Bees-100-Natural-Nourishing,https://m.media-amazon.com/images/I/71-I3PUl-fL._AC_UL320_.jpg,,,,,,10,5.24,,